1,1,person
2,2,person
3,3,person
4,4,person
5,5,person
6,6,person
7,7,person
8,8,person
9,9,person
10,10,person
11,11,person
12,12,person
13,13,person
14,14,person
15,15,person
16,16,person
17,17,person
18,18,person
19,19,person
20,20,person
21,21,person
22,22,person
23,23,person
24,24,person
25,25,person
26,26,person
27,27,person
28,28,person
29,29,person
30,30,person
31,31,person
32,32,person
33,33,person
34,34,person
35,35,person
36,36,person
37,37,person
38,38,person
39,39,person
40,40,person
41,41,person
42,42,person
43,43,person
44,44,person
45,45,person
46,46,person
47,47,person
48,48,person
49,49,person
50,50,person
51,51,person
52,52,person
53,53,person
54,54,person
55,55,person
56,56,person
57,57,person
58,58,person
59,59,person
60,60,person
61,61,person
62,62,person
63,63,person
64,64,person
65,65,person
66,66,person
67,67,person
68,68,person
69,69,person
70,70,person
71,71,person
72,72,person
73,73,person
74,74,person
75,75,person
76,76,person
77,77,person
78,78,person
79,79,person
80,80,person
81,81,person
82,82,person
83,83,person
84,84,person
85,85,person
86,86,person
87,87,person
88,88,person
89,89,person
90,90,person
91,91,person
92,92,person
93,93,person
94,94,person
95,95,person
96,96,person
97,97,person
98,98,person
99,99,person
100,100,person
101,101,person
102,102,person
103,103,person
104,104,person
105,105,person
106,106,person
107,107,person
108,108,person
109,109,person
110,110,person
111,111,person
112,112,person
113,113,person
114,114,person
115,115,person
116,116,person
117,117,person
118,118,person
119,119,person
120,120,person
121,121,person
122,122,person
123,123,person
124,124,person
125,125,person
126,126,person
127,127,person
128,128,person
129,129,person
130,130,person
131,131,person
132,132,person
133,133,person
134,134,person
135,135,person
136,136,person
137,137,person
138,138,person
139,139,person
140,140,person
141,141,person
142,142,person
143,143,person
144,144,person
145,145,person
146,146,person
147,147,person
148,148,person
149,149,person
150,150,person
151,151,person
152,152,person
153,153,person
154,154,person
155,155,person
156,156,person
157,157,person
158,158,person
159,159,person
160,160,person
161,161,person
162,162,person
163,163,person
164,164,person
165,165,person
166,166,person
167,167,person
168,168,person
169,169,person
170,170,person
171,171,person
172,172,person
173,173,person
174,174,person
175,175,person
176,176,person
177,177,person
178,178,person
179,179,person
180,180,person
181,181,person
182,182,person
183,183,person
184,184,person
185,185,person
186,186,person
187,187,person
188,188,person
189,189,person
190,190,person
191,191,person
192,192,person
193,193,person
194,194,person
195,195,person
196,196,person
197,197,person
198,198,person
199,199,person
200,200,person
201,201,person
202,202,person
203,203,person
204,204,person
205,205,person
206,206,person
207,207,person
208,208,person
209,209,person
210,210,person
211,211,person
212,212,person
213,213,person
214,214,person
215,215,person
216,216,person
217,217,person
218,218,person
219,219,person
220,220,person
221,221,person
222,222,person
223,223,person
224,224,person
225,225,person
226,226,person
227,227,person
228,228,person
229,229,person
230,230,person
231,231,person
232,232,person
233,233,person
234,234,person
235,235,person
236,236,person
237,237,person
238,238,person
239,239,person
240,240,person
241,241,person
242,242,person
243,243,person
244,244,person
245,245,person
246,246,person
247,247,person
248,248,person
249,249,person
250,250,person
251,251,person
252,252,person
253,253,person
254,254,person
255,255,person
256,256,person
257,257,person
258,258,person
259,259,person
260,260,person
261,261,person
262,262,person
263,263,person
264,264,person
265,265,person
266,266,person
267,267,person
268,268,person
269,269,person
270,270,person
271,271,person
272,272,person
273,273,person
274,274,person
275,275,person
276,276,person
277,277,person
278,278,person
279,279,person
280,280,person
281,281,person
282,282,person
283,283,person
284,284,person
285,285,person
286,286,person
287,287,person
288,288,person
289,289,person
290,290,person
291,291,person
292,292,person
293,293,person
294,294,person
295,295,person
296,296,person
297,297,person
298,298,person
299,299,person
300,300,person
301,301,person
302,302,person
303,303,person
304,304,person
305,305,person
306,306,person
307,307,person
308,308,person
309,309,person
310,310,person
311,311,person
312,312,person
313,313,person
314,314,person
315,315,person
316,316,person
317,317,person
318,318,person
319,319,person
320,320,person
321,321,person
322,322,person
323,323,person
324,324,person
325,325,person
326,326,person
327,327,person
328,328,person
329,329,person
330,330,person
331,331,person
332,332,person
333,333,person
334,334,person
335,335,person
336,336,person
337,337,person
338,338,person
339,339,person
340,340,person
341,341,person
342,342,person
343,343,person
344,344,person
345,345,person
346,346,person
347,347,person
348,348,person
349,349,person
350,350,person
351,351,person
352,352,person
353,353,person
354,354,person
355,355,person
356,356,person
357,357,person
358,358,person
359,359,person
360,360,person
361,361,person
362,362,person
363,363,person
364,364,person
365,365,person
366,366,person
367,367,person
368,368,person
369,369,person
370,370,person
371,371,person
372,372,person
373,373,person
374,374,person
375,375,person
376,376,person
377,377,person
378,378,person
379,379,person
380,380,person
381,381,person
382,382,person
383,383,person
384,384,person
385,385,person
386,386,person
387,387,person
388,388,person
389,389,person
390,390,person
391,391,person
392,392,person
393,393,person
394,394,person
395,395,person
396,396,person
397,397,person
398,398,person
399,399,person
400,400,person
401,401,person
402,402,person
403,403,person
404,404,person
405,405,person
406,406,person
407,407,person
408,408,person
409,409,person
410,410,person
411,411,person
412,412,person
413,413,person
414,414,person
415,415,person
416,416,person
417,417,person
418,418,person
419,419,person
420,420,person
421,421,person
422,422,person
423,423,person
424,424,person
425,425,person
426,426,person
427,427,person
428,428,person
429,429,person
430,430,person
431,431,person
432,432,person
433,433,person
434,434,person
435,435,person
436,436,person
437,437,person
438,438,person
439,439,person
440,440,person
441,441,person
442,442,person
443,443,person
444,444,person
445,445,person
446,446,person
447,447,person
448,448,person
449,449,person
450,450,person
451,451,person
452,452,person
453,453,person
454,454,person
455,455,person
456,456,person
457,457,person
458,458,person
459,459,person
460,460,person
461,461,person
462,462,person
463,463,person
464,464,person
465,465,person
466,466,person
467,467,person
468,468,person
469,469,person
470,470,person
471,471,person
472,472,person
473,473,person
474,474,person
475,475,person
476,476,person
477,477,person
478,478,person
479,479,person
480,480,person
481,481,person
482,482,person
483,483,person
484,484,person
485,485,person
486,486,person
487,487,person
488,488,person
489,489,person
490,490,person
491,491,person
492,492,person
493,493,person
494,494,person
495,495,person
496,496,person
497,497,person
498,498,person
499,499,person
500,500,person
501,501,person
502,502,person
503,503,person
504,504,person
505,505,person
506,506,person
507,507,person
508,508,person
509,509,person
510,510,person
511,511,person
512,512,person
513,513,person
514,514,person
515,515,person
516,516,person
517,517,person
518,518,person
519,519,person
520,520,person
521,521,person
522,522,person
523,523,person
524,524,person
525,525,person
526,526,person
527,527,person
528,528,person
529,529,person
530,530,person
531,531,person
532,532,person
533,533,person
534,534,person
535,535,person
536,536,person
537,537,person
538,538,person
539,539,person
540,540,person
541,541,person
542,542,person
543,543,person
544,544,person
545,545,person
546,546,person
547,547,person
548,548,person
549,549,person
550,550,person
551,551,person
552,552,person
553,553,person
554,554,person
555,555,person
556,556,person
557,557,person
558,558,person
559,559,person
560,560,person
561,561,person
562,562,person
563,563,person
564,564,person
565,565,person
566,566,person
567,567,person
568,568,person
569,569,person
570,570,person
571,571,person
572,572,person
573,573,person
574,574,person
575,575,person
576,576,person
577,577,person
578,578,person
579,579,person
580,580,person
581,581,person
582,582,person
583,583,person
584,584,person
585,585,person
586,586,person
587,587,person
588,588,person
589,589,person
590,590,person
591,591,person
592,592,person
593,593,person
594,594,person
595,595,person
596,596,person
597,597,person
598,598,person
599,599,person
600,600,person
601,601,person
602,602,person
603,603,person
604,604,person
605,605,person
606,606,person
607,607,person
608,608,person
609,609,person
610,610,person
611,611,person
612,612,person
613,613,person
614,614,person
615,615,person
616,616,person
617,617,person
618,618,person
619,619,person
620,620,person
621,621,person
622,622,person
623,623,person
624,624,person
625,625,person
626,626,person
627,627,person
628,628,person
629,629,person
630,630,person
631,631,person
632,632,person
633,633,person
634,634,person
635,635,person
636,636,person
637,637,person
638,638,person
639,639,person
640,640,person
641,641,person
642,642,person
643,643,person
644,644,person
645,645,person
646,646,person
647,647,person
648,648,person
649,649,person
650,650,person
651,651,person
652,652,person
653,653,person
654,654,person
655,655,person
656,656,person
657,657,person
658,658,person
659,659,person
660,660,person
661,661,person
662,662,person
663,663,person
664,664,person
665,665,person
666,666,person
667,667,person
668,668,person
669,669,person
670,670,person
671,671,person
672,672,person
673,673,person
674,674,person
675,675,person
676,676,person
677,677,person
678,678,person
679,679,person
680,680,person
681,681,person
682,682,person
683,683,person
684,684,person
685,685,person
686,686,person
687,687,person
688,688,person
689,689,person
690,690,person
691,691,person
692,692,person
693,693,person
694,694,person
695,695,person
696,696,person
697,697,person
698,698,person
699,699,person
700,700,person
701,701,person
702,702,person
703,703,person
704,704,person
705,705,person
706,706,person
707,707,person
708,708,person
709,709,person
710,710,person
711,711,person
712,712,person
713,713,person
714,714,person
715,715,person
716,716,person
717,717,person
718,718,person
719,719,person
720,720,person
721,721,person
722,722,person
723,723,person
724,724,person
725,725,person
726,726,person
727,727,person
728,728,person
729,729,person
730,730,person
731,731,person
732,732,person
733,733,person
734,734,person
735,735,person
736,736,person
737,737,person
738,738,person
739,739,person
740,740,person
741,741,person
742,742,person
743,743,person
744,744,person
745,745,person
746,746,person
747,747,person
748,748,person
749,749,person
750,750,person
751,751,person
752,752,person
753,753,person
754,754,person
755,755,person
756,756,person
757,757,person
758,758,person
759,759,person
760,760,person
761,761,person
762,762,person
763,763,person
764,764,person
765,765,person
766,766,person
767,767,person
768,768,person
769,769,person
770,770,person
771,771,person
772,772,person
773,773,person
774,774,person
775,775,person
776,776,person
777,777,person
778,778,person
779,779,person
780,780,person
781,781,person
782,782,person
783,783,person
784,784,person
785,785,person
786,786,person
787,787,person
788,788,person
789,789,person
790,790,person
791,791,person
792,792,person
793,793,person
794,794,person
795,795,person
796,796,person
797,797,person
798,798,person
799,799,person
800,800,person
801,801,person
802,802,person
803,803,person
804,804,person
805,805,person
806,806,person
807,807,person
808,808,person
809,809,person
810,810,person
811,811,person
812,812,person
813,813,person
814,814,person
815,815,person
816,816,person
817,817,person
818,818,person
819,819,person
820,820,person
821,821,person
822,822,person
823,823,person
824,824,person
825,825,person
826,826,person
827,827,person
828,828,person
829,829,person
830,830,person
831,831,person
832,832,person
833,833,person
834,834,person
835,835,person
836,836,person
837,837,person
838,838,person
839,839,person
840,840,person
841,841,person
842,842,person
843,843,person
844,844,person
845,845,person
846,846,person
847,847,person
848,848,person
849,849,person
850,850,person
851,851,person
852,852,person
853,853,person
854,854,person
855,855,person
856,856,person
857,857,person
858,858,person
859,859,person
860,860,person
861,861,person
862,862,person
863,863,person
864,864,person
865,865,person
866,866,person
867,867,person
868,868,person
869,869,person
870,870,person
871,871,person
872,872,person
873,873,person
874,874,person
875,875,person
876,876,person
877,877,person
878,878,person
879,879,person
880,880,person
881,881,person
882,882,person
883,883,person
884,884,person
885,885,person
886,886,person
887,887,person
888,888,person
889,889,person
890,890,person
891,891,person
892,892,person
893,893,person
894,894,person
895,895,person
896,896,person
897,897,person
898,898,person
899,899,person
900,900,person
901,901,person
902,902,person
903,903,person
904,904,person
905,905,person
906,906,person
907,907,person
908,908,person
909,909,person
910,910,person
911,911,person
912,912,person
913,913,person
914,914,person
915,915,person
916,916,person
917,917,person
918,918,person
919,919,person
920,920,person
921,921,person
922,922,person
923,923,person
924,924,person
925,925,person
926,926,person
927,927,person
928,928,person
929,929,person
930,930,person
931,931,person
932,932,person
933,933,person
934,934,person
935,935,person
936,936,person
937,937,person
938,938,person
939,939,person
940,940,person
941,941,person
942,942,person
943,943,person
944,944,person
945,945,person
946,946,person
947,947,person
948,948,person
949,949,person
950,950,person
951,951,person
952,952,person
953,953,person
954,954,person
955,955,person
956,956,person
957,957,person
958,958,person
959,959,person
960,960,person
961,961,person
962,962,person
963,963,person
964,964,person
965,965,person
966,966,person
967,967,person
968,968,person
969,969,person
970,970,person
971,971,person
972,972,person
973,973,person
974,974,person
975,975,person
976,976,person
977,977,person
978,978,person
979,979,person
980,980,person
981,981,person
982,982,person
983,983,person
984,984,person
985,985,person
986,986,person
987,987,person
988,988,person
989,989,person
990,990,person
991,991,person
992,992,person
993,993,person
994,994,person
995,995,person
996,996,person
997,997,person
998,998,person
999,999,person
1000,1000,person
1001,1001,person
1002,1002,person
1003,1003,person
1004,1004,person
1005,1005,person
1006,1006,person
1007,1007,person
1008,1008,person
1009,1009,person
1010,1010,person
1011,1011,person
1012,1012,person
1013,1013,person
1014,1014,person
1015,1015,person
1016,1016,person
1017,1017,person
1018,1018,person
1019,1019,person
1020,1020,person
1021,1021,person
1022,1022,person
1023,1023,person
1024,1024,person
1025,1025,person
1026,1026,person
1027,1027,person
1028,1028,person
1029,1029,person
1030,1030,person
1031,1031,person
1032,1032,person
1033,1033,person
1034,1034,person
1035,1035,person
1036,1036,person
1037,1037,person
1038,1038,person
1039,1039,person
1040,1040,person
1041,1041,person
1042,1042,person
1043,1043,person
1044,1044,person
1045,1045,person
1046,1046,person
1047,1047,person
1048,1048,person
1049,1049,person
1050,1050,person
1051,1051,person
1052,1052,person
1053,1053,person
1054,1054,person
1055,1055,person
1056,1056,person
1057,1057,person
1058,1058,person
1059,1059,person
1060,1060,person
1061,1061,person
1062,1062,person
1063,1063,person
1064,1064,person
1065,1065,person
1066,1066,person
1067,1067,person
1068,1068,person
1069,1069,person
1070,1070,person
1071,1071,person
1072,1072,person
1073,1073,person
1074,1074,person
1075,1075,person
1076,1076,person
1077,1077,person
1078,1078,person
1079,1079,person
1080,1080,person
1081,1081,person
1082,1082,person
1083,1083,person
1084,1084,person
1085,1085,person
1086,1086,person
1087,1087,person
1088,1088,person
1089,1089,person
1090,1090,person
1091,1091,person
1092,1092,person
1093,1093,person
1094,1094,person
1095,1095,person
1096,1096,person
1097,1097,person
1098,1098,person
1099,1099,person
1100,1100,person
1101,1101,person
1102,1102,person
1103,1103,person
1104,1104,person
1105,1105,person
1106,1106,person
1107,1107,person
1108,1108,person
1109,1109,person
1110,1110,person
1111,1111,person
1112,1112,person
1113,1113,person
1114,1114,person
1115,1115,person
1116,1116,person
1117,1117,person
1118,1118,person
1119,1119,person
1120,1120,person
1121,1121,person
1122,1122,person
1123,1123,person
1124,1124,person
1125,1125,person
1126,1126,person
1127,1127,person
1128,1128,person
1129,1129,person
1130,1130,person
1131,1131,person
1132,1132,person
1133,1133,person
1134,1134,person
1135,1135,person
1136,1136,person
1137,1137,person
1138,1138,person
1139,1139,person
1140,1140,person
1141,1141,person
1142,1142,person
1143,1143,person
1144,1144,person
1145,1145,person
1146,1146,person
1147,1147,person
1148,1148,person
1149,1149,person
1150,1150,person
1151,1151,person
1152,1152,person
1153,1153,person
1154,1154,person
1155,1155,person
1156,1156,person
1157,1157,person
1158,1158,person
1159,1159,person
1160,1160,person
1161,1161,person
1162,1162,person
1163,1163,person
1164,1164,person
1165,1165,person
1166,1166,person
1167,1167,person
1168,1168,person
1169,1169,person
1170,1170,person
1171,1171,person
1172,1172,person
1173,1173,person
1174,1174,person
1175,1175,person
1176,1176,person
1177,1177,person
1178,1178,person
1179,1179,person
1180,1180,person
1181,1181,person
1182,1182,person
1183,1183,person
1184,1184,person
1185,1185,person
1186,1186,person
1187,1187,person
1188,1188,person
1189,1189,person
1190,1190,person
1191,1191,person
1192,1192,person
1193,1193,person
1194,1194,person
1195,1195,person
1196,1196,person
1197,1197,person
1198,1198,person
1199,1199,person
1200,1200,person
1201,1201,person
1202,1202,person
1203,1203,person
1204,1204,person
1205,1205,person
1206,1206,person
1207,1207,person
1208,1208,person
1209,1209,person
1210,1210,person
1211,1211,person
1212,1212,person
1213,1213,person
1214,1214,person
1215,1215,person
1216,1216,person
1217,1217,person
1218,1218,person
1219,1219,person
1220,1220,person
1221,1221,person
1222,1222,person
1223,1223,person
1224,1224,person
1225,1225,person
1226,1226,person
1227,1227,person
1228,1228,person
1229,1229,person
1230,1230,person
1231,1231,person
1232,1232,person
1233,1233,person
1234,1234,person
1235,1235,person
1236,1236,person
1237,1237,person
1238,1238,person
1239,1239,person
1240,1240,person
1241,1241,person
1242,1242,person
1243,1243,person
1244,1244,person
1245,1245,person
1246,1246,person
1247,1247,person
1248,1248,person
1249,1249,person
1250,1250,person
1251,1251,person
1252,1252,person
1253,1253,person
1254,1254,person
1255,1255,person
1256,1256,person
1257,1257,person
1258,1258,person
1259,1259,person
1260,1260,person
1261,1261,person
1262,1262,person
1263,1263,person
1264,1264,person
1265,1265,person
1266,1266,person
1267,1267,person
1268,1268,person
1269,1269,person
1270,1270,person
1271,1271,person
1272,1272,person
1273,1273,person
1274,1274,person
1275,1275,person
1276,1276,person
1277,1277,person
1278,1278,person
1279,1279,person
1280,1280,person
1281,1281,person
1282,1282,person
1283,1283,person
1284,1284,person
1285,1285,person
1286,1286,person
1287,1287,person
1288,1288,person
1289,1289,person
1290,1290,person
1291,1291,person
1292,1292,person
1293,1293,person
1294,1294,person
1295,1295,person
1296,1296,person
1297,1297,person
1298,1298,person
1299,1299,person
1300,1300,person
1301,1301,person
1302,1302,person
1303,1303,person
1304,1304,person
1305,1305,person
1306,1306,person
1307,1307,person
1308,1308,person
1309,1309,person
1310,1310,person
1311,1311,person
1312,1312,person
1313,1313,person
1314,1314,person
1315,1315,person
1316,1316,person
1317,1317,person
1318,1318,person
1319,1319,person
1320,1320,person
1321,1321,person
1322,1322,person
1323,1323,person
1324,1324,person
1325,1325,person
1326,1326,person
1327,1327,person
1328,1328,person
1329,1329,person
1330,1330,person
1331,1331,person
1332,1332,person
1333,1333,person
1334,1334,person
1335,1335,person
1336,1336,person
1337,1337,person
1338,1338,person
1339,1339,person
1340,1340,person
1341,1341,person
1342,1342,person
1343,1343,person
1344,1344,person
1345,1345,person
1346,1346,person
1347,1347,person
1348,1348,person
1349,1349,person
1350,1350,person
1351,1351,person
1352,1352,person
1353,1353,person
1354,1354,person
1355,1355,person
1356,1356,person
1357,1357,person
1358,1358,person
1359,1359,person
1360,1360,person
1361,1361,person
1362,1362,person
1363,1363,person
1364,1364,person
1365,1365,person
1366,1366,person
1367,1367,person
1368,1368,person
1369,1369,person
1370,1370,person
1371,1371,person
1372,1372,person
1373,1373,person
1374,1374,person
1375,1375,person
1376,1376,person
1377,1377,person
1378,1378,person
1379,1379,person
1380,1380,person
1381,1381,person
1382,1382,person
1383,1383,person
1384,1384,person
1385,1385,person
1386,1386,person
1387,1387,person
1388,1388,person
1389,1389,person
1390,1390,person
1391,1391,person
1392,1392,person
1393,1393,person
1394,1394,person
1395,1395,person
1396,1396,person
1397,1397,person
1398,1398,person
1399,1399,person
1400,1400,person
1401,1401,person
1402,1402,person
1403,1403,person
1404,1404,person
1405,1405,person
1406,1406,person
1407,1407,person
1408,1408,person
1409,1409,person
1410,1410,person
1411,1411,person
1412,1412,person
1413,1413,person
1414,1414,person
1415,1415,person
1416,1416,person
1417,1417,person
1418,1418,person
1419,1419,person
1420,1420,person
1421,1421,person
1422,1422,person
1423,1423,person
1424,1424,person
1425,1425,person
1426,1426,person
1427,1427,person
1428,1428,person
1429,1429,person
1430,1430,person
1431,1431,person
1432,1432,person
1433,1433,person
1434,1434,person
1435,1435,person
1436,1436,person
1437,1437,person
1438,1438,person
1439,1439,person
1440,1440,person
1441,1441,person
1442,1442,person
1443,1443,person
1444,1444,person
1445,1445,person
1446,1446,person
1447,1447,person
1448,1448,person
1449,1449,person
1450,1450,person
1451,1451,person
1452,1452,person
1453,1453,person
1454,1454,person
1455,1455,person
1456,1456,person
1457,1457,person
1458,1458,person
1459,1459,person
1460,1460,person
1461,1461,person
1462,1462,person
1463,1463,person
1464,1464,person
1465,1465,person
1466,1466,person
1467,1467,person
1468,1468,person
1469,1469,person
1470,1470,person
1471,1471,person
1472,1472,person
1473,1473,person
1474,1474,person
1475,1475,person
1476,1476,person
1477,1477,person
1478,1478,person
1479,1479,person
1480,1480,person
1481,1481,person
1482,1482,person
1483,1483,person
1484,1484,person
1485,1485,person
1486,1486,person
1487,1487,person
1488,1488,person
1489,1489,person
1490,1490,person
1491,1491,person
1492,1492,person
1493,1493,person
1494,1494,person
1495,1495,person
1496,1496,person
1497,1497,person
1498,1498,person
1499,1499,person
1500,1500,person
1501,1501,person
1502,1502,person
1503,1503,person
1504,1504,person
1505,1505,person
1506,1506,person
1507,1507,person
1508,1508,person
1509,1509,person
1510,1510,person
1511,1511,person
1512,1512,person
1513,1513,person
1514,1514,person
1515,1515,person
1516,1516,person
1517,1517,person
1518,1518,person
1519,1519,person
1520,1520,person
1521,1521,person
1522,1522,person
1523,1523,person
1524,1524,person
1525,1525,person
1526,1526,person
1527,1527,person
1528,1528,person
1529,1529,person
1530,1530,person
1531,1531,person
1532,1532,person
1533,1533,person
1534,1534,person
1535,1535,person
1536,1536,person
1537,1537,person
1538,1538,person
1539,1539,person
1540,1540,person
1541,1541,person
1542,1542,person
1543,1543,person
1544,1544,person
1545,1545,person
1546,1546,person
1547,1547,person
1548,1548,person
1549,1549,person
1550,1550,person
1551,1551,person
1552,1552,person
1553,1553,person
1554,1554,person
1555,1555,person
1556,1556,person
1557,1557,person
1558,1558,person
1559,1559,person
1560,1560,person
1561,1561,person
1562,1562,person
1563,1563,person
1564,1564,person
1565,1565,person
1566,1566,person
1567,1567,person
1568,1568,person
1569,1569,person
1570,1570,person
1571,1571,person
1572,1572,person
1573,1573,person
1574,1574,person
1575,1575,person
1576,1576,person
1577,1577,person
1578,1578,person
1579,1579,person
1580,1580,person
1581,1581,person
1582,1582,person
1583,1583,person
1584,1584,person
1585,1585,person
1586,1586,person
1587,1587,person
1588,1588,person
1589,1589,person
1590,1590,person
1591,1591,person
1592,1592,person
1593,1593,person
1594,1594,person
1595,1595,person
1596,1596,person
1597,1597,person
1598,1598,person
1599,1599,person
1600,1600,person
1601,1601,person
1602,1602,person
1603,1603,person
1604,1604,person
1605,1605,person
1606,1606,person
1607,1607,person
1608,1608,person
1609,1609,person
1610,1610,person
1611,1611,person
1612,1612,person
1613,1613,person
1614,1614,person
1615,1615,person
1616,1616,person
1617,1617,person
1618,1618,person
1619,1619,person
1620,1620,person
1621,1621,person
1622,1622,person
1623,1623,person
1624,1624,person
1625,1625,person
1626,1626,person
1627,1627,person
1628,1628,person
1629,1629,person
1630,1630,person
1631,1631,person
1632,1632,person
1633,1633,person
1634,1634,person
1635,1635,person
1636,1636,person
1637,1637,person
1638,1638,person
1639,1639,person
1640,1640,person
1641,1641,person
1642,1642,person
1643,1643,person
1644,1644,person
1645,1645,person
1646,1646,person
1647,1647,person
1648,1648,person
1649,1649,person
1650,1650,person
1651,1651,person
1652,1652,person
1653,1653,person
1654,1654,person
1655,1655,person
1656,1656,person
1657,1657,person
1658,1658,person
1659,1659,person
1660,1660,person
1661,1661,person
1662,1662,person
1663,1663,person
1664,1664,person
1665,1665,person
1666,1666,person
1667,1667,person
1668,1668,person
1669,1669,person
1670,1670,person
1671,1671,person
1672,1672,person
1673,1673,person
1674,1674,person
1675,1675,person
1676,1676,person
1677,1677,person
1678,1678,person
1679,1679,person
1680,1680,person
1681,1681,person
1682,1682,person
1683,1683,person
1684,1684,person
1685,1685,person
1686,1686,person
1687,1687,person
1688,1688,person
1689,1689,person
1690,1690,person
1691,1691,person
1692,1692,person
1693,1693,person
1694,1694,person
1695,1695,person
1696,1696,person
1697,1697,person
1698,1698,person
1699,1699,person
1700,1700,person
1701,1701,person
1702,1702,person
1703,1703,person
1704,1704,person
1705,1705,person
1706,1706,person
1707,1707,person
1708,1708,person
1709,1709,person
1710,1710,person
1711,1711,person
1712,1712,person
1713,1713,person
1714,1714,person
1715,1715,person
1716,1716,person
1717,1717,person
1718,1718,person
1719,1719,person
1720,1720,person
1721,1721,person
1722,1722,person
1723,1723,person
1724,1724,person
1725,1725,person
1726,1726,person
1727,1727,person
1728,1728,person
1729,1729,person
1730,1730,person
1731,1731,person
1732,1732,person
1733,1733,person
1734,1734,person
1735,1735,person
1736,1736,person
1737,1737,person
1738,1738,person
1739,1739,person
1740,1740,person
1741,1741,person
1742,1742,person
1743,1743,person
1744,1744,person
1745,1745,person
1746,1746,person
1747,1747,person
1748,1748,person
1749,1749,person
1750,1750,person
1751,1751,person
1752,1752,person
1753,1753,person
1754,1754,person
1755,1755,person
1756,1756,person
1757,1757,person
1758,1758,person
1759,1759,person
1760,1760,person
1761,1761,person
1762,1762,person
1763,1763,person
1764,1764,person
1765,1765,person
1766,1766,person
1767,1767,person
1768,1768,person
1769,1769,person
1770,1770,person
1771,1771,person
1772,1772,person
1773,1773,person
1774,1774,person
1775,1775,person
1776,1776,person
1777,1777,person
1778,1778,person
1779,1779,person
1780,1780,person
1781,1781,person
1782,1782,person
1783,1783,person
1784,1784,person
1785,1785,person
1786,1786,person
1787,1787,person
1788,1788,person
1789,1789,person
1790,1790,person
1791,1791,person
1792,1792,person
1793,1793,person
1794,1794,person
1795,1795,person
1796,1796,person
1797,1797,person
1798,1798,person
1799,1799,person
1800,1800,person
1801,1801,person
1802,1802,person
1803,1803,person
1804,1804,person
1805,1805,person
1806,1806,person
1807,1807,person
1808,1808,person
1809,1809,person
1810,1810,person
1811,1811,person
1812,1812,person
1813,1813,person
1814,1814,person
1815,1815,person
1816,1816,person
1817,1817,person
1818,1818,person
1819,1819,person
1820,1820,person
1821,1821,person
1822,1822,person
1823,1823,person
1824,1824,person
1825,1825,person
1826,1826,person
1827,1827,person
1828,1828,person
1829,1829,person
1830,1830,person
1831,1831,person
1832,1832,person
1833,1833,person
1834,1834,person
1835,1835,person
1836,1836,person
1837,1837,person
1838,1838,person
1839,1839,person
1840,1840,person
1841,1841,person
1842,1842,person
1843,1843,person
1844,1844,person
1845,1845,person
1846,1846,person
1847,1847,person
1848,1848,person
1849,1849,person
1850,1850,person
1851,1851,person
1852,1852,person
1853,1853,person
1854,1854,person
1855,1855,person
1856,1856,person
1857,1857,person
1858,1858,person
1859,1859,person
1860,1860,person
1861,1861,person
1862,1862,person
1863,1863,person
1864,1864,person
1865,1865,person
1866,1866,person
1867,1867,person
1868,1868,person
1869,1869,person
1870,1870,person
1871,1871,person
1872,1872,person
1873,1873,person
1874,1874,person
1875,1875,person
1876,1876,person
1877,1877,person
1878,1878,person
1879,1879,person
1880,1880,person
1881,1881,person
1882,1882,person
1883,1883,person
1884,1884,person
1885,1885,person
1886,1886,person
1887,1887,person
1888,1888,person
1889,1889,person
1890,1890,person
1891,1891,person
1892,1892,person
1893,1893,person
1894,1894,person
1895,1895,person
1896,1896,person
1897,1897,person
1898,1898,person
1899,1899,person
1900,1900,person
1901,1901,person
1902,1902,person
1903,1903,person
1904,1904,person
1905,1905,person
1906,1906,person
1907,1907,person
1908,1908,person
1909,1909,person
1910,1910,person
1911,1911,person
1912,1912,person
1913,1913,person
1914,1914,person
1915,1915,person
1916,1916,person
1917,1917,person
1918,1918,person
1919,1919,person
1920,1920,person
1921,1921,person
1922,1922,person
1923,1923,person
1924,1924,person
1925,1925,person
1926,1926,person
1927,1927,person
1928,1928,person
1929,1929,person
1930,1930,person
1931,1931,person
1932,1932,person
1933,1933,person
1934,1934,person
1935,1935,person
1936,1936,person
1937,1937,person
1938,1938,person
1939,1939,person
1940,1940,person
1941,1941,person
1942,1942,person
1943,1943,person
1944,1944,person
1945,1945,person
1946,1946,person
1947,1947,person
1948,1948,person
1949,1949,person
1950,1950,person
1951,1951,person
1952,1952,person
1953,1953,person
1954,1954,person
1955,1955,person
1956,1956,person
1957,1957,person
1958,1958,person
1959,1959,person
1960,1960,person
1961,1961,person
1962,1962,person
1963,1963,person
1964,1964,person
1965,1965,person
1966,1966,person
1967,1967,person
1968,1968,person
1969,1969,person
1970,1970,person
1971,1971,person
1972,1972,person
1973,1973,person
1974,1974,person
1975,1975,person
1976,1976,person
1977,1977,person
1978,1978,person
1979,1979,person
1980,1980,person
1981,1981,person
1982,1982,person
1983,1983,person
1984,1984,person
1985,1985,person
1986,1986,person
1987,1987,person
1988,1988,person
1989,1989,person
1990,1990,person
1991,1991,person
1992,1992,person
1993,1993,person
1994,1994,person
1995,1995,person
1996,1996,person
1997,1997,person
1998,1998,person
1999,1999,person
2000,2000,person
2001,2001,person
2002,2002,person
2003,2003,person
2004,2004,person
2005,2005,person
2006,2006,person
2007,2007,person
2008,2008,person
2009,2009,person
2010,2010,person
2011,2011,person
2012,2012,person
2013,2013,person
2014,2014,person
2015,2015,person
2016,2016,person
2017,2017,person
2018,2018,person
2019,2019,person
2020,2020,person
2021,2021,person
2022,2022,person
2023,2023,person
2024,2024,person
2025,2025,person
2026,2026,person
2027,2027,person
2028,2028,person
2029,2029,person
2030,2030,person
2031,2031,person
2032,2032,person
2033,2033,person
2034,2034,person
2035,2035,person
2036,2036,person
2037,2037,person
2038,2038,person
2039,2039,person
2040,2040,person
2041,2041,person
2042,2042,person
2043,2043,person
2044,2044,person
2045,2045,person
2046,2046,person
2047,2047,person
2048,2048,person
2049,2049,person
2050,2050,person
2051,2051,person
2052,2052,person
2053,2053,person
2054,2054,person
2055,2055,person
2056,2056,person
2057,2057,person
2058,2058,person
2059,2059,person
2060,2060,person
2061,2061,person
2062,2062,person
2063,2063,person
2064,2064,person
2065,2065,person
2066,2066,person
2067,2067,person
2068,2068,person
2069,2069,person
2070,2070,person
2071,2071,person
2072,2072,person
2073,2073,person
2074,2074,person
2075,2075,person
2076,2076,person
2077,2077,person
2078,2078,person
2079,2079,person
2080,2080,person
2081,2081,person
2082,2082,person
2083,2083,person
2084,2084,person
2085,2085,person
2086,2086,person
2087,2087,person
2088,2088,person
2089,2089,person
2090,2090,person
2091,2091,person
2092,2092,person
2093,2093,person
2094,2094,person
2095,2095,person
2096,2096,person
2097,2097,person
2098,2098,person
2099,2099,person
2100,2100,person
2101,2101,person
2102,2102,person
2103,2103,person
2104,2104,person
2105,2105,person
2106,2106,person
2107,2107,person
2108,2108,person
2109,2109,person
2110,2110,person
2111,2111,person
2112,2112,person
2113,2113,person
2114,2114,person
2115,2115,person
2116,2116,person
2117,2117,person
2118,2118,person
2119,2119,person
2120,2120,person
2121,2121,person
2122,2122,person
2123,2123,person
2124,2124,person
2125,2125,person
2126,2126,person
2127,2127,person
2128,2128,person
2129,2129,person
2130,2130,person
2131,2131,person
2132,2132,person
2133,2133,person
2134,2134,person
2135,2135,person
2136,2136,person
2137,2137,person
2138,2138,person
2139,2139,person
2140,2140,person
2141,2141,person
2142,2142,person
2143,2143,person
2144,2144,person
2145,2145,person
2146,2146,person
2147,2147,person
2148,2148,person
2149,2149,person
2150,2150,person
2151,2151,person
2152,2152,person
2153,2153,person
2154,2154,person
2155,2155,person
2156,2156,person
2157,2157,person
2158,2158,person
2159,2159,person
2160,2160,person
2161,2161,person
2162,2162,person
2163,2163,person
2164,2164,person
2165,2165,person
2166,2166,person
2167,2167,person
2168,2168,person
2169,2169,person
2170,2170,person
2171,2171,person
2172,2172,person
2173,2173,person
2174,2174,person
2175,2175,person
2176,2176,person
2177,2177,person
2178,2178,person
2179,2179,person
2180,2180,person
2181,2181,person
2182,2182,person
2183,2183,person
2184,2184,person
2185,2185,person
2186,2186,person
2187,2187,person
2188,2188,person
2189,2189,person
2190,2190,person
2191,2191,person
2192,2192,person
2193,2193,person
2194,2194,person
2195,2195,person
2196,2196,person
2197,2197,person
2198,2198,person
2199,2199,person
2200,2200,person
2201,2201,person
2202,2202,person
2203,2203,person
2204,2204,person
2205,2205,person
2206,2206,person
2207,2207,person
2208,2208,person
2209,2209,person
2210,2210,person
2211,2211,person
2212,2212,person
2213,2213,person
2214,2214,person
2215,2215,person
2216,2216,person
2217,2217,person
2218,2218,person
2219,2219,person
2220,2220,person
2221,2221,person
2222,2222,person
2223,2223,person
2224,2224,person
2225,2225,person
2226,2226,person
2227,2227,person
2228,2228,person
2229,2229,person
2230,2230,person
2231,2231,person
2232,2232,person
2233,2233,person
2234,2234,person
2235,2235,person
2236,2236,person
2237,2237,person
2238,2238,person
2239,2239,person
2240,2240,person
2241,2241,person
2242,2242,person
2243,2243,person
2244,2244,person
2245,2245,person
2246,2246,person
2247,2247,person
2248,2248,person
2249,2249,person
2250,2250,person
2251,2251,person
2252,2252,person
2253,2253,person
2254,2254,person
2255,2255,person
2256,2256,person
2257,2257,person
2258,2258,person
2259,2259,person
2260,2260,person
2261,2261,person
2262,2262,person
2263,2263,person
2264,2264,person
2265,2265,person
2266,2266,person
2267,2267,person
2268,2268,person
2269,2269,person
2270,2270,person
2271,2271,person
2272,2272,person
2273,2273,person
2274,2274,person
2275,2275,person
2276,2276,person
2277,2277,person
2278,2278,person
2279,2279,person
2280,2280,person
2281,2281,person
2282,2282,person
2283,2283,person
2284,2284,person
2285,2285,person
2286,2286,person
2287,2287,person
2288,2288,person
2289,2289,person
2290,2290,person
2291,2291,person
2292,2292,person
2293,2293,person
